{
    "AL": {
        "2005_mmt": 143.531689,
        "2030_mmt": 71.7658445
    },
    "AK": {
        "2005_mmt": 47.490278,
        "2030_mmt": 23.745139
    },
    "AZ": {
        "2005_mmt": 97.283251,
        "2030_mmt": 48.6416255
    },
    "AR": {
        "2005_mmt": 60.222719,
        "2030_mmt": 30.1113595
    },
    "CA": {
        "2005_mmt": 388.84586,
        "2030_mmt": 194.42293
    },
    "CO": {
        "2005_mmt": 95.439406,
        "2030_mmt": 47.719703
    },
    "CT": {
        "2005_mmt": 43.882632,
        "2030_mmt": 21.941316
    },
    "DE": {
        "2005_mmt": 17.333046,
        "2030_mmt": 8.666523
    },
    "DC": {
        "2005_mmt": 3.931432,
        "2030_mmt": 1.965716
    },
    "FL": {
        "2005_mmt": 260.029086,
        "2030_mmt": 130.014543
    },
    "GA": {
        "2005_mmt": 185.548451,
        "2030_mmt": 92.7742255
    },
    "HI": {
        "2005_mmt": 22.87811,
        "2030_mmt": 11.439055
    },
    "ID": {
        "2005_mmt": 15.787716,
        "2030_mmt": 7.893858
    },
    "IL": {
        "2005_mmt": 243.594886,
        "2030_mmt": 121.797443
    },
    "IN": {
        "2005_mmt": 237.972948,
        "2030_mmt": 118.986474
    },
    "IA": {
        "2005_mmt": 78.395544,
        "2030_mmt": 39.197772
    },
    "KS": {
        "2005_mmt": 73.0227,
        "2030_mmt": 36.51135
    },
    "KY": {
        "2005_mmt": 155.843807,
        "2030_mmt": 77.9219035
    },
    "LA": {
        "2005_mmt": 201.240025,
        "2030_mmt": 100.6200125
    },
    "ME": {
        "2005_mmt": 23.07436,
        "2030_mmt": 11.53718
    },
    "MD": {
        "2005_mmt": 84.822939,
        "2030_mmt": 42.4114695
    },
    "MA": {
        "2005_mmt": 84.360364,
        "2030_mmt": 42.180182
    },
    "MI": {
        "2005_mmt": 189.86495,
        "2030_mmt": 94.932475
    },
    "MN": {
        "2005_mmt": 101.709841,
        "2030_mmt": 50.8549205
    },
    "MS": {
        "2005_mmt": 63.96343,
        "2030_mmt": 31.981715
    },
    "MO": {
        "2005_mmt": 144.247587,
        "2030_mmt": 72.1237935
    },
    "MT": {
        "2005_mmt": 35.804079,
        "2030_mmt": 17.9020395
    },
    "NE": {
        "2005_mmt": 43.779324,
        "2030_mmt": 21.889662
    },
    "NV": {
        "2005_mmt": 50.180827,
        "2030_mmt": 25.0904135
    },
    "NH": {
        "2005_mmt": 21.253554,
        "2030_mmt": 10.626777
    },
    "NJ": {
        "2005_mmt": 130.313879,
        "2030_mmt": 65.1569395
    },
    "NM": {
        "2005_mmt": 59.468525,
        "2030_mmt": 29.7342625
    },
    "NY": {
        "2005_mmt": 211.266793,
        "2030_mmt": 105.6333965
    },
    "NC": {
        "2005_mmt": 154.169689,
        "2030_mmt": 77.0848445
    },
    "ND": {
        "2005_mmt": 52.739449,
        "2030_mmt": 26.3697245
    },
    "OH": {
        "2005_mmt": 271.756809,
        "2030_mmt": 135.8784045
    },
    "OK": {
        "2005_mmt": 106.318599,
        "2030_mmt": 53.1592995
    },
    "OR": {
        "2005_mmt": 41.060831,
        "2030_mmt": 20.5304155
    },
    "PA": {
        "2005_mmt": 281.306872,
        "2030_mmt": 140.653436
    },
    "RI": {
        "2005_mmt": 11.203166,
        "2030_mmt": 5.601583
    },
    "SC": {
        "2005_mmt": 88.408863,
        "2030_mmt": 44.2044315
    },
    "SD": {
        "2005_mmt": 13.282632,
        "2030_mmt": 6.641316
    },
    "TN": {
        "2005_mmt": 128.058816,
        "2030_mmt": 64.029408
    },
    "TX": {
        "2005_mmt": 643.637602,
        "2030_mmt": 321.818801
    },
    "UT": {
        "2005_mmt": 67.487506,
        "2030_mmt": 33.743753
    },
    "VT": {
        "2005_mmt": 6.815629,
        "2030_mmt": 3.4078145
    },
    "VA": {
        "2005_mmt": 129.364027,
        "2030_mmt": 64.6820135
    },
    "WA": {
        "2005_mmt": 78.843213,
        "2030_mmt": 39.4216065
    },
    "WV": {
        "2005_mmt": 114.540595,
        "2030_mmt": 57.2702975
    },
    "WI": {
        "2005_mmt": 110.892526,
        "2030_mmt": 55.446263
    },
    "WY": {
        "2005_mmt": 63.685345,
        "2030_mmt": 31.8426725
    },
    "caiso": {
        "2005_mmt": 388.84586,
        "2030_mmt": 194.42293
    },
    "ercot": {
        "2005_mmt": 643.6376,
        "2030_mmt": 321.8188
    },
    "isone": {
        "2005_mmt": 190.58971,
        "2030_mmt": 95.29485
    },
    "miso": {
        "2005_mmt": 1432.10446,
        "2030_mmt": 716.05223
    },
    "nyiso": {
        "2005_mmt": 211.26679,
        "2030_mmt": 105.6334
    },
    "pjm": {
        "2005_mmt": 1185.28197,
        "2030_mmt": 592.64099
    },
    "spp": {
        "2005_mmt": 289.1427,
        "2030_mmt": 144.57135
    },
    "northwest": {
        "2005_mmt": 235.18118,
        "2030_mmt": 117.59059
    },
    "southeast": {
        "2005_mmt": 959.74659,
        "2030_mmt": 479.8733
    },
    "southwest": {
        "2005_mmt": 369.85952,
        "2030_mmt": 184.92976
    }
}